0,0-1
1,0-4
2,0-5
3,0-8
4,0-19
5,0-23
6,0-32
7,0-35
8,0-38
9,0-39
10,0-43
11,0-46
12,0-47
13,0-51
14,0-52
15,0-55
16,0-59
17,0-63
18,0-66
19,0-72
20,0-79
21,0-89
22,0-91
23,0-93
24,0-97
25,0-100
26,0-102
27,0-105
28,0-106
29,0-108
30,0-110
31,0-115
32,0-116
33,0-119
34,0-122
35,0-126
36,0-128
37,0-129
38,0-130
39,0-131
40,0-137
41,0-142
42,0-147
43,0-149
44,0-151
45,0-154
46,0-163
47,0-164
48,0-165
49,0-167
50,0-169
51,0-170
52,0-173
53,0-174
54,0-177
55,1-3
56,1-9
57,1-12
58,1-13
59,1-16
60,1-19
61,1-20
62,1-21
63,1-31
64,1-32
65,1-35
66,1-36
67,1-39
68,1-40
69,1-44
70,1-47
71,1-48
72,1-50
73,1-51
74,1-52
75,1-53
76,1-55
77,1-57
78,1-59
79,1-61
80,1-62
81,1-66
82,1-71
83,1-74
84,1-76
85,1-77
86,1-78
87,1-84
88,1-92
89,1-93
90,1-98
91,1-101
92,1-102
93,1-104
94,1-108
95,1-110
96,1-111
97,1-112
98,1-116
99,1-117
100,1-120
101,1-128
102,1-129
103,1-134
104,1-137
105,1-138
106,1-141
107,1-142
108,1-144
109,1-157
110,1-159
111,1-175
112,1-177
113,1-178
114,1-179
115,2-3
116,2-6
117,2-12
118,2-13
119,2-15
120,2-17
121,2-18
122,2-21
123,2-36
124,2-37
125,2-43
126,2-48
127,2-52
128,2-55
129,2-57
130,2-66
131,2-83
132,2-85
133,2-88
134,2-89
135,2-96
136,2-97
137,2-98
138,2-101
139,2-106
140,2-109
141,2-113
142,2-115
143,2-118
144,2-131
145,2-132
146,2-133
147,2-135
148,2-138
149,2-140
150,2-143
151,2-144
152,2-148
153,2-150
154,2-152
155,2-160
156,2-161
157,2-163
158,2-166
159,2-168
160,2-169
161,2-172
162,2-177
163,3-6
164,3-7
165,3-10
166,3-11
167,3-17
168,3-18
169,3-19
170,3-20
171,3-25
172,3-29
173,3-44
174,3-45
175,3-53
176,3-55
177,3-56
178,3-58
179,3-59
180,3-60
181,3-62
182,3-63
183,3-74
184,3-75
185,3-77
186,3-82
187,3-87
188,3-89
189,3-98
190,3-103
191,3-104
192,3-105
193,3-111
194,3-114
195,3-115
196,3-118
197,3-120
198,3-121
199,3-123
200,3-127
201,3-135
202,3-137
203,3-138
204,3-140
205,3-141
206,3-144
207,3-145
208,3-154
209,3-155
210,3-160
211,3-161
212,3-162
213,3-167
214,3-168
215,4-6
216,4-7
217,4-11
218,4-12
219,4-17
220,4-18
221,4-19
222,4-20
223,4-21
224,4-22
225,4-29
226,4-35
227,4-36
228,4-39
229,4-42
230,4-43
231,4-44
232,4-50
233,4-55
234,4-56
235,4-62
236,4-67
237,4-68
238,4-70
239,4-73
240,4-76
241,4-77
242,4-80
243,4-81
244,4-83
245,4-86
246,4-91
247,4-94
248,4-97
249,4-102
250,4-107
251,4-108
252,4-111
253,4-116
254,4-119
255,4-120
256,4-128
257,4-130
258,4-141
259,4-143
260,4-147
261,4-150
262,4-151
263,4-169
264,4-170
265,4-173
266,5-6
267,5-7
268,5-10
269,5-13
270,5-19
271,5-22
272,5-23
273,5-26
274,5-29
275,5-30
276,5-31
277,5-39
278,5-47
279,5-52
280,5-54
281,5-64
282,5-66
283,5-73
284,5-75
285,5-77
286,5-79
287,5-82
288,5-83
289,5-85
290,5-91
291,5-92
292,5-95
293,5-102
294,5-104
295,5-105
296,5-106
297,5-108
298,5-111
299,5-116
300,5-117
301,5-125
302,5-126
303,5-128
304,5-129
305,5-134
306,5-135
307,5-137
308,5-138
309,5-141
310,5-144
311,5-145
312,5-150
313,5-152
314,5-153
315,5-155
316,5-160
317,5-162
318,5-163
319,5-164
320,5-167
321,5-171
322,5-173
323,6-7
324,6-8
325,6-11
326,6-13
327,6-19
328,6-20
329,6-23
330,6-28
331,6-29
332,6-35
333,6-36
334,6-38
335,6-44
336,6-45
337,6-46
338,6-47
339,6-49
340,6-54
341,6-56
342,6-60
343,6-61
344,6-62
345,6-67
346,6-68
347,6-69
348,6-75
349,6-78
350,6-79
351,6-83
352,6-90
353,6-94
354,6-96
355,6-98
356,6-99
357,6-100
358,6-101
359,6-104
360,6-105
361,6-107
362,6-108
363,6-112
364,6-114
365,6-119
366,6-121
367,6-125
368,6-126
369,6-128
370,6-131
371,6-138
372,6-143
373,6-147
374,6-148
375,6-151
376,6-153
377,6-161
378,6-171
379,6-172
380,6-177
381,6-178
382,6-179
383,7-9
384,7-12
385,7-14
386,7-15
387,7-16
388,7-19
389,7-20
390,7-21
391,7-30
392,7-34
393,7-43
394,7-44
395,7-50
396,7-51
397,7-54
398,7-56
399,7-66
400,7-77
401,7-78
402,7-83
403,7-85
404,7-93
405,7-94
406,7-103
407,7-108
408,7-111
409,7-114
410,7-121
411,7-123
412,7-128
413,7-130
414,7-136
415,7-145
416,7-148
417,7-150
418,7-152
419,7-154
420,7-158
421,7-160
422,7-165
423,7-171
424,7-172
425,7-176
426,7-177
427,8-9
428,8-14
429,8-19
430,8-23
431,8-25
432,8-30
433,8-33
434,8-38
435,8-39
436,8-44
437,8-45
438,8-53
439,8-56
440,8-60
441,8-61
442,8-65
443,8-68
444,8-73
445,8-85
446,8-86
447,8-87
448,8-95
449,8-97
450,8-98
451,8-100
452,8-101
453,8-105
454,8-108
455,8-112
456,8-113
457,8-118
458,8-120
459,8-121
460,8-125
461,8-126
462,8-135
463,8-136
464,8-139
465,8-141
466,8-146
467,8-151
468,8-153
469,8-160
470,8-162
471,8-166
472,8-168
473,8-170
474,8-173
475,8-176
476,8-177
477,9-11
478,9-18
479,9-19
480,9-21
481,9-27
482,9-31
483,9-32
484,9-37
485,9-41
486,9-45
487,9-46
488,9-48
489,9-50
490,9-51
491,9-52
492,9-63
493,9-68
494,9-70
495,9-75
496,9-81
497,9-82
498,9-87
499,9-90
500,9-92
501,9-96
502,9-100
503,9-108
504,9-110
505,9-115
506,9-119
507,9-120
508,9-122
509,9-123
510,9-127
511,9-129
512,9-131
513,9-133
514,9-135
515,9-139
516,9-142
517,9-144
518,9-148
519,9-149
520,9-154
521,9-157
522,9-159
523,9-162
524,9-168
525,9-170
526,9-172
527,9-174
528,9-176
529,9-178
530,10-15
531,10-17
532,10-19
533,10-34
534,10-38
535,10-39
536,10-40
537,10-41
538,10-42
539,10-52
540,10-53
541,10-54
542,10-59
543,10-68
544,10-69
545,10-73
546,10-81
547,10-85
548,10-87
549,10-89
550,10-94
551,10-95
552,10-98
553,10-99
554,10-105
555,10-106
556,10-108
557,10-109
558,10-110
559,10-112
560,10-113
561,10-124
562,10-130
563,10-133
564,10-145
565,10-147
566,10-149
567,10-154
568,10-164
569,10-166
570,10-168
571,10-176
572,10-178
573,11-15
574,11-18
575,11-23
576,11-24
577,11-25
578,11-26
579,11-27
580,11-31
581,11-35
582,11-46
583,11-51
584,11-55
585,11-60
586,11-63
587,11-67
588,11-68
589,11-69
590,11-77
591,11-89
592,11-95
593,11-99
594,11-100
595,11-102
596,11-105
597,11-109
598,11-112
599,11-114
600,11-120
601,11-136
602,11-138
603,11-139
604,11-140
605,11-142
606,11-146
607,11-150
608,11-151
609,11-154
610,11-155
611,11-158
612,11-159
613,11-164
614,11-166
615,11-170
616,11-173
617,11-175
618,11-176
619,12-13
620,12-14
621,12-17
622,12-22
623,12-27
624,12-38
625,12-45
626,12-47
627,12-48
628,12-49
629,12-50
630,12-54
631,12-57
632,12-64
633,12-66
634,12-67
635,12-68
636,12-70
637,12-72
638,12-75
639,12-77
640,12-90
641,12-92
642,12-95
643,12-99
644,12-101
645,12-102
646,12-103
647,12-108
648,12-109
649,12-110
650,12-113
651,12-116
652,12-117
653,12-121
654,12-124
655,12-132
656,12-136
657,12-144
658,12-145
659,12-148
660,12-149
661,12-156
662,12-161
663,12-163
664,12-164
665,12-165
666,12-166
667,12-169
668,12-170
669,12-172
670,12-175
671,12-179
672,13-16
673,13-18
674,13-19
675,13-20
676,13-25
677,13-31
678,13-33
679,13-35
680,13-36
681,13-37
682,13-43
683,13-54
684,13-59
685,13-65
686,13-69
687,13-73
688,13-76
689,13-85
690,13-86
691,13-89
692,13-95
693,13-99
694,13-108
695,13-112
696,13-113
697,13-114
698,13-122
699,13-125
700,13-130
701,13-141
702,13-142
703,13-146
704,13-149
705,13-151
706,13-155
707,13-156
708,13-157
709,13-158
710,13-160
711,13-164
712,13-166
713,13-169
714,14-16
715,14-19
716,14-21
717,14-24
718,14-25
719,14-26
720,14-27
721,14-33
722,14-35
723,14-39
724,14-41
725,14-43
726,14-47
727,14-48
728,14-50
729,14-53
730,14-54
731,14-55
732,14-66
733,14-67
734,14-69
735,14-70
736,14-75
737,14-76
738,14-81
739,14-82
740,14-84
741,14-85
742,14-90
743,14-95
744,14-98
745,14-103
746,14-108
747,14-114
748,14-121
749,14-124
750,14-125
751,14-127
752,14-129
753,14-131
754,14-132
755,14-133
756,14-137
757,14-138
758,14-139
759,14-140
760,14-141
761,14-142
762,14-143
763,14-146
764,14-150
765,14-158
766,14-160
767,14-164
768,14-168
769,14-169
770,14-171
771,14-173
772,14-176
773,15-19
774,15-23
775,15-24
776,15-31
777,15-34
778,15-40
779,15-47
780,15-48
781,15-52
782,15-54
783,15-62
784,15-72
785,15-76
786,15-77
787,15-78
788,15-79
789,15-82
790,15-85
791,15-92
792,15-103
793,15-110
794,15-114
795,15-120
796,15-123
797,15-130
798,15-133
799,15-137
800,15-140
801,15-142
802,15-143
803,15-151
804,15-152
805,15-156
806,15-159
807,15-162
808,15-163
809,15-164
810,15-169
811,15-174
812,15-175
813,15-176
814,16-20
815,16-22
816,16-27
817,16-29
818,16-38
819,16-39
820,16-42
821,16-44
822,16-47
823,16-51
824,16-53
825,16-55
826,16-56
827,16-57
828,16-66
829,16-67
830,16-69
831,16-72
832,16-73
833,16-77
834,16-79
835,16-83
836,16-87
837,16-93
838,16-95
839,16-96
840,16-98
841,16-101
842,16-109
843,16-114
844,16-116
845,16-119
846,16-120
847,16-125
848,16-126
849,16-128
850,16-143
851,16-145
852,16-147
853,16-149
854,16-150
855,16-151
856,16-152
857,16-156
858,16-158
859,16-163
860,16-167
861,16-171
862,16-178
863,17-18
864,17-21
865,17-22
866,17-24
867,17-25
868,17-26
869,17-29
870,17-32
871,17-33
872,17-40
873,17-43
874,17-46
875,17-52
876,17-55
877,17-56
878,17-58
879,17-62
880,17-68
881,17-70
882,17-72
883,17-73
884,17-75
885,17-81
886,17-84
887,17-85
888,17-89
889,17-92
890,17-102
891,17-103
892,17-111
893,17-113
894,17-123
895,17-126
896,17-132
897,17-140
898,17-144
899,17-149
900,17-150
901,17-154
902,17-155
903,17-158
904,17-160
905,17-161
906,17-162
907,17-163
908,17-165
909,17-166
910,17-167
911,17-168
912,17-169
913,17-172
914,17-174
915,17-175
916,18-19
917,18-26
918,18-30
919,18-31
920,18-42
921,18-43
922,18-48
923,18-54
924,18-55
925,18-56
926,18-59
927,18-60
928,18-62
929,18-65
930,18-68
931,18-74
932,18-81
933,18-86
934,18-91
935,18-94
936,18-99
937,18-106
938,18-108
939,18-116
940,18-123
941,18-124
942,18-125
943,18-126
944,18-127
945,18-128
946,18-132
947,18-134
948,18-137
949,18-141
950,18-142
951,18-143
952,18-145
953,18-147
954,18-149
955,18-153
956,18-157
957,18-171
958,18-176
959,19-21
960,19-22
961,19-26
962,19-29
963,19-32
964,19-37
965,19-39
966,19-42
967,19-45
968,19-53
969,19-54
970,19-55
971,19-58
972,19-59
973,19-72
974,19-75
975,19-78
976,19-79
977,19-80
978,19-82
979,19-83
980,19-84
981,19-85
982,19-86
983,19-95
984,19-107
985,19-110
986,19-114
987,19-115
988,19-117
989,19-119
990,19-123
991,19-125
992,19-126
993,19-131
994,19-137
995,19-141
996,19-142
997,19-143
998,19-158
999,19-162
1000,19-168
1001,19-169
1002,19-170
1003,19-171
1004,19-173
1005,19-177
1006,20-25
1007,20-28
1008,20-29
1009,20-30
1010,20-33
1011,20-36
1012,20-38
1013,20-39
1014,20-40
1015,20-41
1016,20-42
1017,20-52
1018,20-55
1019,20-57
1020,20-59
1021,20-67
1022,20-70
1023,20-74
1024,20-79
1025,20-84
1026,20-87
1027,20-90
1028,20-92
1029,20-95
1030,20-103
1031,20-105
1032,20-107
1033,20-108
1034,20-111
1035,20-113
1036,20-116
1037,20-117
1038,20-126
1039,20-131
1040,20-138
1041,20-142
1042,20-146
1043,20-150
1044,20-156
1045,20-161
1046,20-169
1047,20-171
1048,21-22
1049,21-32
1050,21-41
1051,21-44
1052,21-47
1053,21-49
1054,21-52
1055,21-57
1056,21-58
1057,21-61
1058,21-64
1059,21-65
1060,21-74
1061,21-75
1062,21-76
1063,21-77
1064,21-80
1065,21-90
1066,21-91
1067,21-92
1068,21-95
1069,21-98
1070,21-100
1071,21-102
1072,21-103
1073,21-104
1074,21-105
1075,21-107
1076,21-112
1077,21-116
1078,21-117
1079,21-118
1080,21-122
1081,21-125
1082,21-129
1083,21-139
1084,21-143
1085,21-146
1086,21-149
1087,21-152
1088,21-154
1089,21-155
1090,21-160
1091,21-162
1092,21-163
1093,21-164
1094,21-170
1095,21-173
1096,21-176
1097,22-29
1098,22-31
1099,22-32
1100,22-36
1101,22-38
1102,22-40
1103,22-46
1104,22-47
1105,22-54
1106,22-58
1107,22-67
1108,22-75
1109,22-77
1110,22-79
1111,22-80
1112,22-82
1113,22-83
1114,22-84
1115,22-86
1116,22-91
1117,22-92
1118,22-93
1119,22-99
1120,22-104
1121,22-105
1122,22-109
1123,22-115
1124,22-119
1125,22-124
1126,22-125
1127,22-127
1128,22-130
1129,22-131
1130,22-132
1131,22-134
1132,22-136
1133,22-140
1134,22-141
1135,22-142
1136,22-143
1137,22-150
1138,22-152
1139,22-154
1140,22-156
1141,22-158
1142,22-162
1143,22-163
1144,22-167
1145,22-172
1146,22-179
1147,23-24
1148,23-26
1149,23-29
1150,23-30
1151,23-31
1152,23-32
1153,23-33
1154,23-34
1155,23-35
1156,23-41
1157,23-44
1158,23-46
1159,23-48
1160,23-50
1161,23-54
1162,23-58
1163,23-61
1164,23-68
1165,23-71
1166,23-74
1167,23-80
1168,23-89
1169,23-90
1170,23-91
1171,23-92
1172,23-93
1173,23-94
1174,23-98
1175,23-103
1176,23-107
1177,23-110
1178,23-113
1179,23-114
1180,23-117
1181,23-119
1182,23-122
1183,23-126
1184,23-144
1185,23-146
1186,23-149
1187,23-153
1188,23-164
1189,23-170
1190,23-171
1191,23-174
1192,23-175
1193,23-178
1194,24-25
1195,24-27
1196,24-28
1197,24-29
1198,24-35
1199,24-36
1200,24-38
1201,24-44
1202,24-46
1203,24-49
1204,24-51
1205,24-52
1206,24-53
1207,24-54
1208,24-55
1209,24-59
1210,24-66
1211,24-70
1212,24-74
1213,24-75
1214,24-76
1215,24-80
1216,24-81
1217,24-88
1218,24-94
1219,24-96
1220,24-98
1221,24-107
1222,24-108
1223,24-113
1224,24-114
1225,24-115
1226,24-117
1227,24-120
1228,24-125
1229,24-127
1230,24-128
1231,24-131
1232,24-137
1233,24-138
1234,24-149
1235,24-150
1236,24-153
1237,24-156
1238,24-161
1239,24-163
1240,24-166
1241,24-174
1242,24-176
1243,24-177
1244,24-178
1245,25-28
1246,25-29
1247,25-31
1248,25-32
1249,25-34
1250,25-36
1251,25-38
1252,25-39
1253,25-43
1254,25-45
1255,25-48
1256,25-50
1257,25-52
1258,25-55
1259,25-62
1260,25-64
1261,25-71
1262,25-72
1263,25-75
1264,25-81
1265,25-82
1266,25-86
1267,25-89
1268,25-93
1269,25-97
1270,25-101
1271,25-103
1272,25-105
1273,25-108
1274,25-110
1275,25-113
1276,25-123
1277,25-128
1278,25-129
1279,25-130
1280,25-136
1281,25-139
1282,25-142
1283,25-144
1284,25-149
1285,25-150
1286,25-151
1287,25-154
1288,25-155
1289,25-156
1290,25-161
1291,25-163
1292,25-165
1293,25-168
1294,25-169
1295,25-172
1296,25-173
1297,25-176
1298,25-177
1299,26-27
1300,26-29
1301,26-30
1302,26-32
1303,26-37
1304,26-38
1305,26-41
1306,26-44
1307,26-47
1308,26-49
1309,26-56
1310,26-57
1311,26-61
1312,26-66
1313,26-67
1314,26-70
1315,26-72
1316,26-75
1317,26-77
1318,26-80
1319,26-82
1320,26-83
1321,26-85
1322,26-88
1323,26-96
1324,26-101
1325,26-102
1326,26-114
1327,26-116
1328,26-118
1329,26-121
1330,26-125
1331,26-126
1332,26-130
1333,26-132
1334,26-133
1335,26-134
1336,26-135
1337,26-137
1338,26-140
1339,26-146
1340,26-147
1341,26-148
1342,26-150
1343,26-153
1344,26-154
1345,26-155
1346,26-156
1347,26-161
1348,26-164
1349,26-165
1350,26-168
1351,26-169
1352,26-172
1353,26-173
1354,26-178
1355,27-32
1356,27-33
1357,27-41
1358,27-43
1359,27-46
1360,27-47
1361,27-51
1362,27-52
1363,27-53
1364,27-56
1365,27-59
1366,27-63
1367,27-66
1368,27-68
1369,27-73
1370,27-76
1371,27-77
1372,27-80
1373,27-82
1374,27-83
1375,27-88
1376,27-92
1377,27-95
1378,27-98
1379,27-109
1380,27-114
1381,27-116
1382,27-121
1383,27-122
1384,27-124
1385,27-125
1386,27-140
1387,27-142
1388,27-146
1389,27-155
1390,27-157
1391,27-159
1392,27-161
1393,27-163
1394,27-165
1395,27-169
1396,27-173
1397,27-174
1398,27-177
1399,28-35
1400,28-36
1401,28-37
1402,28-38
1403,28-43
1404,28-44
1405,28-50
1406,28-58
1407,28-64
1408,28-69
1409,28-71
1410,28-74
1411,28-79
1412,28-83
1413,28-86
1414,28-94
1415,28-99
1416,28-100
1417,28-108
1418,28-114
1419,28-115
1420,28-134
1421,28-147
1422,28-150
1423,28-151
1424,28-153
1425,28-169
1426,28-170
1427,28-177
1428,28-179
1429,29-30
1430,29-31
1431,29-37
1432,29-39
1433,29-42
1434,29-45
1435,29-51
1436,29-54
1437,29-59
1438,29-61
1439,29-62
1440,29-64
1441,29-69
1442,29-71
1443,29-76
1444,29-77
1445,29-82
1446,29-83
1447,29-84
1448,29-89
1449,29-91
1450,29-92
1451,29-95
1452,29-97
1453,29-98
1454,29-101
1455,29-103
1456,29-105
1457,29-112
1458,29-114
1459,29-124
1460,29-126
1461,29-127
1462,29-128
1463,29-139
1464,29-140
1465,29-142
1466,29-144
1467,29-145
1468,29-149
1469,29-152
1470,29-154
1471,29-156
1472,29-157
1473,29-159
1474,29-163
1475,29-169
1476,29-170
1477,29-171
1478,29-173
1479,29-175
1480,29-178
1481,30-33
1482,30-35
1483,30-42
1484,30-43
1485,30-47
1486,30-51
1487,30-56
1488,30-59
1489,30-60
1490,30-62
1491,30-66
1492,30-70
1493,30-75
1494,30-76
1495,30-78
1496,30-79
1497,30-86
1498,30-87
1499,30-89
1500,30-92
1501,30-96
1502,30-97
1503,30-99
1504,30-100
1505,30-101
1506,30-103
1507,30-105
1508,30-106
1509,30-116
1510,30-120
1511,30-121
1512,30-124
1513,30-130
1514,30-132
1515,30-133
1516,30-141
1517,30-142
1518,30-143
1519,30-149
1520,30-153
1521,30-156
1522,30-158
1523,30-160
1524,30-161
1525,30-166
1526,30-167
1527,30-168
1528,30-172
1529,30-174
1530,30-177
1531,30-179
1532,31-35
1533,31-39
1534,31-40
1535,31-42
1536,31-44
1537,31-49
1538,31-52
1539,31-53
1540,31-57
1541,31-58
1542,31-60
1543,31-62
1544,31-65
1545,31-71
1546,31-72
1547,31-73
1548,31-76
1549,31-78
1550,31-80
1551,31-81
1552,31-88
1553,31-90
1554,31-95
1555,31-96
1556,31-97
1557,31-100
1558,31-107
1559,31-112
1560,31-113
1561,31-118
1562,31-129
1563,31-133
1564,31-142
1565,31-143
1566,31-148
1567,31-149
1568,31-154
1569,31-158
1570,31-159
1571,31-163
1572,31-166
1573,31-174
1574,31-179
1575,32-36
1576,32-41
1577,32-43
1578,32-44
1579,32-45
1580,32-46
1581,32-47
1582,32-49
1583,32-50
1584,32-55
1585,32-59
1586,32-62
1587,32-67
1588,32-70
1589,32-71
1590,32-72
1591,32-82
1592,32-83
1593,32-84
1594,32-94
1595,32-100
1596,32-101
1597,32-102
1598,32-106
1599,32-111
1600,32-118
1601,32-122
1602,32-124
1603,32-129
1604,32-133
1605,32-136
1606,32-143
1607,32-149
1608,32-151
1609,32-152
1610,32-155
1611,32-159
1612,32-161
1613,32-163
1614,32-164
1615,32-165
1616,33-50
1617,33-53
1618,33-60
1619,33-61
1620,33-63
1621,33-64
1622,33-70
1623,33-76
1624,33-79
1625,33-89
1626,33-91
1627,33-92
1628,33-93
1629,33-99
1630,33-103
1631,33-104
1632,33-106
1633,33-111
1634,33-117
1635,33-118
1636,33-120
1637,33-129
1638,33-130
1639,33-133
1640,33-137
1641,33-143
1642,33-146
1643,33-150
1644,33-152
1645,33-172
1646,33-173
1647,33-174
1648,33-177
1649,33-178
1650,33-179
1651,34-39
1652,34-53
1653,34-56
1654,34-58
1655,34-62
1656,34-63
1657,34-65
1658,34-66
1659,34-69
1660,34-71
1661,34-77
1662,34-82
1663,34-83
1664,34-86
1665,34-87
1666,34-89
1667,34-90
1668,34-97
1669,34-98
1670,34-103
1671,34-105
1672,34-107
1673,34-110
1674,34-115
1675,34-116
1676,34-129
1677,34-134
1678,34-135
1679,34-140
1680,34-141
1681,34-144
1682,34-146
1683,34-148
1684,34-151
1685,34-156
1686,34-160
1687,34-166
1688,34-169
1689,34-170
1690,34-171
1691,34-172
1692,34-176
1693,34-177
1694,35-36
1695,35-39
1696,35-41
1697,35-46
1698,35-47
1699,35-48
1700,35-50
1701,35-53
1702,35-56
1703,35-64
1704,35-67
1705,35-68
1706,35-71
1707,35-72
1708,35-74
1709,35-77
1710,35-82
1711,35-85
1712,35-91
1713,35-98
1714,35-100
1715,35-109
1716,35-111
1717,35-112
1718,35-117
1719,35-118
1720,35-122
1721,35-129
1722,35-135
1723,35-136
1724,35-138
1725,35-139
1726,35-143
1727,35-144
1728,35-145
1729,35-146
1730,35-150
1731,35-152
1732,35-153
1733,35-158
1734,35-159
1735,35-160
1736,35-163
1737,35-166
1738,35-168
1739,35-174
1740,35-177
1741,35-178
1742,36-37
1743,36-45
1744,36-46
1745,36-47
1746,36-53
1747,36-55
1748,36-61
1749,36-62
1750,36-64
1751,36-68
1752,36-70
1753,36-71
1754,36-72
1755,36-73
1756,36-80
1757,36-91
1758,36-92
1759,36-93
1760,36-98
1761,36-100
1762,36-104
1763,36-109
1764,36-110
1765,36-118
1766,36-121
1767,36-126
1768,36-127
1769,36-130
1770,36-140
1771,36-142
1772,36-143
1773,36-145
1774,36-149
1775,36-155
1776,36-158
1777,36-161
1778,36-162
1779,36-167
1780,36-170
1781,36-171
1782,36-173
1783,36-176
1784,36-177
1785,37-41
1786,37-42
1787,37-45
1788,37-48
1789,37-53
1790,37-55
1791,37-56
1792,37-58
1793,37-59
1794,37-60
1795,37-66
1796,37-70
1797,37-71
1798,37-76
1799,37-81
1800,37-88
1801,37-106
1802,37-117
1803,37-122
1804,37-124
1805,37-125
1806,37-128
1807,37-131
1808,37-135
1809,37-140
1810,37-145
1811,37-149
1812,37-153
1813,37-155
1814,37-158
1815,37-165
1816,37-166
1817,37-169
1818,37-172
1819,37-173
1820,38-44
1821,38-45
1822,38-47
1823,38-50
1824,38-54
1825,38-58
1826,38-62
1827,38-64
1828,38-69
1829,38-79
1830,38-82
1831,38-89
1832,38-92
1833,38-94
1834,38-95
1835,38-96
1836,38-98
1837,38-100
1838,38-104
1839,38-107
1840,38-112
1841,38-113
1842,38-128
1843,38-131
1844,38-133
1845,38-135
1846,38-136
1847,38-139
1848,38-141
1849,38-142
1850,38-146
1851,38-147
1852,38-152
1853,38-156
1854,38-158
1855,38-164
1856,38-165
1857,38-170
1858,38-174
1859,38-177
1860,38-178
1861,39-42
1862,39-46
1863,39-49
1864,39-51
1865,39-59
1866,39-60
1867,39-62
1868,39-63
1869,39-64
1870,39-66
1871,39-69
1872,39-75
1873,39-76
1874,39-86
1875,39-89
1876,39-97
1877,39-105
1878,39-108
1879,39-109
1880,39-117
1881,39-121
1882,39-122
1883,39-123
1884,39-127
1885,39-130
1886,39-132
1887,39-134
1888,39-143
1889,39-144
1890,39-152
1891,39-159
1892,39-164
1893,39-166
1894,39-176
1895,39-179
1896,40-44
1897,40-52
1898,40-55
1899,40-58
1900,40-61
1901,40-63
1902,40-67
1903,40-71
1904,40-72
1905,40-75
1906,40-77
1907,40-78
1908,40-81
1909,40-82
1910,40-83
1911,40-86
1912,40-88
1913,40-89
1914,40-92
1915,40-93
1916,40-95
1917,40-97
1918,40-98
1919,40-104
1920,40-109
1921,40-115
1922,40-120
1923,40-131
1924,40-134
1925,40-135
1926,40-144
1927,40-146
1928,40-150
1929,40-159
1930,40-161
1931,40-168
1932,40-170
1933,40-172
1934,40-174
1935,41-43
1936,41-44
1937,41-45
1938,41-46
1939,41-48
1940,41-56
1941,41-67
1942,41-68
1943,41-69
1944,41-70
1945,41-74
1946,41-85
1947,41-88
1948,41-97
1949,41-107
1950,41-119
1951,41-122
1952,41-126
1953,41-130
1954,41-131
1955,41-135
1956,41-138
1957,41-139
1958,41-141
1959,41-142
1960,41-143
1961,41-145
1962,41-151
1963,41-158
1964,41-159
1965,41-160
1966,41-166
1967,41-167
1968,41-171
1969,41-173
1970,41-176
1971,42-43
1972,42-44
1973,42-45
1974,42-46
1975,42-50
1976,42-57
1977,42-61
1978,42-63
1979,42-71
1980,42-74
1981,42-75
1982,42-76
1983,42-83
1984,42-85
1985,42-87
1986,42-88
1987,42-90
1988,42-97
1989,42-102
1990,42-104
1991,42-105
1992,42-107
1993,42-110
1994,42-117
1995,42-119
1996,42-120
1997,42-122
1998,42-126
1999,42-127
2000,42-133
2001,42-135
2002,42-141
2003,42-145
2004,42-147
2005,42-149
2006,42-150
2007,42-152
2008,42-153
2009,42-154
2010,42-157
2011,42-158
2012,42-160
2013,42-162
2014,42-163
2015,42-165
2016,42-166
2017,42-170
2018,42-175
2019,42-178
2020,43-47
2021,43-49
2022,43-51
2023,43-52
2024,43-61
2025,43-69
2026,43-76
2027,43-79
2028,43-90
2029,43-104
2030,43-107
2031,43-108
2032,43-109
2033,43-110
2034,43-112
2035,43-119
2036,43-125
2037,43-126
2038,43-129
2039,43-137
2040,43-138
2041,43-142
2042,43-145
2043,43-146
2044,43-149
2045,43-165
2046,43-168
2047,43-173
2048,43-177
2049,44-46
2050,44-47
2051,44-49
2052,44-50
2053,44-52
2054,44-54
2055,44-62
2056,44-63
2057,44-65
2058,44-68
2059,44-71
2060,44-73
2061,44-76
2062,44-81
2063,44-82
2064,44-83
2065,44-86
2066,44-89
2067,44-94
2068,44-100
2069,44-102
2070,44-104
2071,44-106
2072,44-107
2073,44-110
2074,44-112
2075,44-116
2076,44-117
2077,44-119
2078,44-120
2079,44-125
2080,44-128
2081,44-129
2082,44-131
2083,44-134
2084,44-139
2085,44-147
2086,44-148
2087,44-149
2088,44-153
2089,44-162
2090,44-163
2091,44-168
2092,44-169
2093,44-170
2094,44-178
2095,45-52
2096,45-53
2097,45-55
2098,45-60
2099,45-72
2100,45-74
2101,45-75
2102,45-76
2103,45-77
2104,45-78
2105,45-80
2106,45-84
2107,45-91
2108,45-94
2109,45-100
2110,45-108
2111,45-109
2112,45-110
2113,45-111
2114,45-114
2115,45-116
2116,45-118
2117,45-119
2118,45-120
2119,45-122
2120,45-123
2121,45-124
2122,45-125
2123,45-128
2124,45-134
2125,45-139
2126,45-142
2127,45-148
2128,45-149
2129,45-153
2130,45-154
2131,45-157
2132,45-161
2133,45-162
2134,45-163
2135,45-165
2136,45-167
2137,45-171
2138,45-173
2139,45-177
2140,46-56
2141,46-62
2142,46-63
2143,46-65
2144,46-67
2145,46-74
2146,46-75
2147,46-80
2148,46-81
2149,46-83
2150,46-84
2151,46-85
2152,46-86
2153,46-90
2154,46-97
2155,46-100
2156,46-103
2157,46-104
2158,46-107
2159,46-108
2160,46-109
2161,46-113
2162,46-116
2163,46-117
2164,46-118
2165,46-120
2166,46-121
2167,46-122
2168,46-124
2169,46-126
2170,46-132
2171,46-133
2172,46-137
2173,46-140
2174,46-150
2175,46-151
2176,46-153
2177,46-155
2178,46-159
2179,46-160
2180,46-161
2181,46-172
2182,46-173
2183,46-175
2184,46-176
2185,47-50
2186,47-51
2187,47-57
2188,47-58
2189,47-60
2190,47-64
2191,47-65
2192,47-67
2193,47-68
2194,47-70
2195,47-71
2196,47-81
2197,47-82
2198,47-84
2199,47-85
2200,47-90
2201,47-91
2202,47-95
2203,47-97
2204,47-100
2205,47-104
2206,47-105
2207,47-109
2208,47-117
2209,47-120
2210,47-123
2211,47-127
2212,47-128
2213,47-141
2214,47-144
2215,47-146
2216,47-150
2217,47-152
2218,47-154
2219,47-155
2220,47-159
2221,47-160
2222,47-161
2223,47-170
2224,47-172
2225,47-173
2226,47-174
2227,47-177
2228,48-53
2229,48-56
2230,48-57
2231,48-59
2232,48-60
2233,48-65
2234,48-70
2235,48-72
2236,48-73
2237,48-75
2238,48-80
2239,48-83
2240,48-85
2241,48-86
2242,48-87
2243,48-92
2244,48-94
2245,48-99
2246,48-104
2247,48-105
2248,48-107
2249,48-110
2250,48-112
2251,48-114
2252,48-116
2253,48-121
2254,48-122
2255,48-125
2256,48-126
2257,48-127
2258,48-129
2259,48-131
2260,48-133
2261,48-139
2262,48-143
2263,48-147
2264,48-151
2265,48-155
2266,48-158
2267,48-159
2268,48-160
2269,48-164
2270,48-168
2271,48-169
2272,48-170
2273,48-173
2274,48-174
2275,48-176
2276,49-51
2277,49-52
2278,49-59
2279,49-61
2280,49-63
2281,49-71
2282,49-75
2283,49-76
2284,49-79
2285,49-80
2286,49-85
2287,49-87
2288,49-95
2289,49-98
2290,49-100
2291,49-103
2292,49-107
2293,49-108
2294,49-109
2295,49-110
2296,49-112
2297,49-113
2298,49-117
2299,49-121
2300,49-132
2301,49-134
2302,49-146
2303,49-155
2304,49-158
2305,49-161
2306,49-163
2307,49-168
2308,49-175
2309,49-178
2310,49-179
2311,50-51
2312,50-52
2313,50-54
2314,50-56
2315,50-58
2316,50-59
2317,50-60
2318,50-64
2319,50-69
2320,50-70
2321,50-74
2322,50-80
2323,50-82
2324,50-84
2325,50-87
2326,50-99
2327,50-101
2328,50-102
2329,50-107
2330,50-111
2331,50-112
2332,50-113
2333,50-114
2334,50-115
2335,50-117
2336,50-119
2337,50-122
2338,50-126
2339,50-128
2340,50-129
2341,50-135
2342,50-142
2343,50-153
2344,50-164
2345,50-166
2346,50-168
2347,50-171
2348,50-175
2349,51-52
2350,51-54
2351,51-57
2352,51-58
2353,51-59
2354,51-60
2355,51-69
2356,51-70
2357,51-71
2358,51-77
2359,51-80
2360,51-84
2361,51-86
2362,51-87
2363,51-97
2364,51-100
2365,51-101
2366,51-111
2367,51-113
2368,51-117
2369,51-122
2370,51-124
2371,51-125
2372,51-131
2373,51-137
2374,51-141
2375,51-144
2376,51-150
2377,51-151
2378,51-152
2379,51-153
2380,51-157
2381,51-158
2382,51-159
2383,51-161
2384,51-163
2385,51-165
2386,51-167
2387,51-174
2388,51-176
2389,52-54
2390,52-55
2391,52-59
2392,52-60
2393,52-63
2394,52-64
2395,52-73
2396,52-78
2397,52-84
2398,52-87
2399,52-91
2400,52-92
2401,52-94
2402,52-95
2403,52-96
2404,52-99
2405,52-100
2406,52-106
2407,52-109
2408,52-112
2409,52-115
2410,52-121
2411,52-122
2412,52-127
2413,52-130
2414,52-139
2415,52-143
2416,52-147
2417,52-152
2418,52-160
2419,52-173
2420,52-174
2421,52-176
2422,52-177
2423,52-179
2424,53-57
2425,53-59
2426,53-63
2427,53-68
2428,53-70
2429,53-73
2430,53-75
2431,53-82
2432,53-83
2433,53-85
2434,53-86
2435,53-87
2436,53-95
2437,53-96
2438,53-97
2439,53-104
2440,53-110
2441,53-113
2442,53-116
2443,53-118
2444,53-119
2445,53-120
2446,53-121
2447,53-122
2448,53-123
2449,53-127
2450,53-129
2451,53-131
2452,53-137
2453,53-148
2454,53-149
2455,53-157
2456,53-161
2457,53-168
2458,53-173
2459,53-175
2460,53-177
2461,53-179
2462,54-55
2463,54-65
2464,54-66
2465,54-67
2466,54-71
2467,54-73
2468,54-74
2469,54-77
2470,54-78
2471,54-82
2472,54-89
2473,54-90
2474,54-94
2475,54-95
2476,54-97
2477,54-99
2478,54-103
2479,54-105
2480,54-106
2481,54-107
2482,54-112
2483,54-122
2484,54-124
2485,54-125
2486,54-126
2487,54-128
2488,54-129
2489,54-134
2490,54-135
2491,54-136
2492,54-137
2493,54-138
2494,54-149
2495,54-152
2496,54-153
2497,54-155
2498,54-158
2499,54-159
2500,54-161
2501,54-166
2502,54-172
2503,54-176
2504,55-61
2505,55-62
2506,55-63
2507,55-64
2508,55-68
2509,55-74
2510,55-77
2511,55-80
2512,55-82
2513,55-84
2514,55-86
2515,55-88
2516,55-97
2517,55-103
2518,55-104
2519,55-105
2520,55-112
2521,55-116
2522,55-119
2523,55-122
2524,55-123
2525,55-127
2526,55-130
2527,55-131
2528,55-132
2529,55-134
2530,55-135
2531,55-138
2532,55-141
2533,55-142
2534,55-143
2535,55-146
2536,55-152
2537,55-153
2538,55-155
2539,55-157
2540,55-161
2541,55-165
2542,55-168
2543,55-172
2544,55-173
2545,56-59
2546,56-62
2547,56-69
2548,56-75
2549,56-77
2550,56-79
2551,56-81
2552,56-82
2553,56-83
2554,56-90
2555,56-94
2556,56-95
2557,56-100
2558,56-103
2559,56-104
2560,56-107
2561,56-109
2562,56-111
2563,56-112
2564,56-116
2565,56-119
2566,56-120
2567,56-124
2568,56-125
2569,56-127
2570,56-132
2571,56-138
2572,56-139
2573,56-141
2574,56-145
2575,56-150
2576,56-156
2577,56-157
2578,56-158
2579,56-163
2580,56-165
2581,56-166
2582,56-174
2583,56-178
2584,57-59
2585,57-61
2586,57-72
2587,57-74
2588,57-76
2589,57-78
2590,57-79
2591,57-84
2592,57-91
2593,57-94
2594,57-95
2595,57-96
2596,57-98
2597,57-100
2598,57-107
2599,57-108
2600,57-112
2601,57-114
2602,57-117
2603,57-121
2604,57-125
2605,57-126
2606,57-131
2607,57-133
2608,57-135
2609,57-136
2610,57-138
2611,57-139
2612,57-150
2613,57-152
2614,57-156
2615,57-157
2616,57-160
2617,57-165
2618,57-166
2619,57-169
2620,57-170
2621,57-176
2622,57-177
2623,57-178
2624,57-179
2625,58-59
2626,58-63
2627,58-71
2628,58-73
2629,58-74
2630,58-75
2631,58-81
2632,58-90
2633,58-92
2634,58-95
2635,58-103
2636,58-104
2637,58-108
2638,58-115
2639,58-117
2640,58-119
2641,58-122
2642,58-125
2643,58-132
2644,58-133
2645,58-147
2646,58-150
2647,58-154
2648,58-156
2649,58-167
2650,58-175
2651,58-176
2652,59-63
2653,59-65
2654,59-66
2655,59-71
2656,59-73
2657,59-78
2658,59-85
2659,59-86
2660,59-97
2661,59-99
2662,59-103
2663,59-107
2664,59-110
2665,59-114
2666,59-118
2667,59-122
2668,59-126
2669,59-127
2670,59-129
2671,59-130
2672,59-135
2673,59-139
2674,59-142
2675,59-145
2676,59-146
2677,59-148
2678,59-150
2679,59-155
2680,59-156
2681,59-163
2682,59-165
2683,59-166
2684,59-169
2685,60-61
2686,60-67
2687,60-71
2688,60-72
2689,60-73
2690,60-77
2691,60-79
2692,60-84
2693,60-86
2694,60-88
2695,60-93
2696,60-96
2697,60-97
2698,60-103
2699,60-111
2700,60-116
2701,60-121
2702,60-123
2703,60-128
2704,60-131
2705,60-138
2706,60-139
2707,60-140
2708,60-143
2709,60-144
2710,60-147
2711,60-149
2712,60-156
2713,60-157
2714,60-160
2715,60-165
2716,60-172
2717,60-175
2718,60-177
2719,61-63
2720,61-68
2721,61-69
2722,61-72
2723,61-74
2724,61-78
2725,61-80
2726,61-81
2727,61-83
2728,61-89
2729,61-92
2730,61-96
2731,61-97
2732,61-104
2733,61-105
2734,61-106
2735,61-107
2736,61-108
2737,61-111
2738,61-112
2739,61-113
2740,61-126
2741,61-128
2742,61-130
2743,61-136
2744,61-138
2745,61-140
2746,61-145
2747,61-147
2748,61-157
2749,61-161
2750,61-162
2751,61-171
2752,61-172
2753,62-63
2754,62-64
2755,62-68
2756,62-80
2757,62-84
2758,62-93
2759,62-97
2760,62-102
2761,62-108
2762,62-110
2763,62-114
2764,62-116
2765,62-117
2766,62-120
2767,62-121
2768,62-124
2769,62-125
2770,62-126
2771,62-133
2772,62-142
2773,62-144
2774,62-147
2775,62-150
2776,62-159
2777,62-160
2778,62-161
2779,62-162
2780,62-164
2781,62-166
2782,62-175
2783,62-178
2784,63-67
2785,63-68
2786,63-74
2787,63-75
2788,63-76
2789,63-80
2790,63-81
2791,63-84
2792,63-91
2793,63-92
2794,63-93
2795,63-95
2796,63-96
2797,63-100
2798,63-101
2799,63-102
2800,63-105
2801,63-106
2802,63-107
2803,63-108
2804,63-113
2805,63-125
2806,63-126
2807,63-127
2808,63-132
2809,63-136
2810,63-137
2811,63-141
2812,63-146
2813,63-148
2814,63-151
2815,63-153
2816,63-158
2817,63-160
2818,63-165
2819,63-167
2820,63-170
2821,63-171
2822,63-174
2823,63-175
2824,63-177
2825,64-75
2826,64-76
2827,64-82
2828,64-91
2829,64-92
2830,64-94
2831,64-103
2832,64-108
2833,64-110
2834,64-114
2835,64-115
2836,64-118
2837,64-125
2838,64-130
2839,64-133
2840,64-134
2841,64-135
2842,64-142
2843,64-150
2844,64-155
2845,64-156
2846,64-157
2847,64-161
2848,64-165
2849,64-166
2850,64-170
2851,64-174
2852,64-175
2853,64-179
2854,65-66
2855,65-70
2856,65-74
2857,65-81
2858,65-82
2859,65-86
2860,65-89
2861,65-92
2862,65-94
2863,65-103
2864,65-104
2865,65-107
2866,65-114
2867,65-120
2868,65-125
2869,65-126
2870,65-132
2871,65-137
2872,65-143
2873,65-151
2874,65-155
2875,65-157
2876,65-160
2877,65-167
2878,65-176
2879,65-178
2880,66-68
2881,66-72
2882,66-74
2883,66-77
2884,66-82
2885,66-92
2886,66-97
2887,66-98
2888,66-103
2889,66-105
2890,66-107
2891,66-110
2892,66-112
2893,66-115
2894,66-118
2895,66-120
2896,66-121
2897,66-148
2898,66-151
2899,66-152
2900,66-160
2901,66-163
2902,66-173
2903,67-68
2904,67-69
2905,67-72
2906,67-84
2907,67-87
2908,67-95
2909,67-96
2910,67-99
2911,67-103
2912,67-104
2913,67-105
2914,67-108
2915,67-109
2916,67-113
2917,67-117
2918,67-119
2919,67-124
2920,67-127
2921,67-128
2922,67-134
2923,67-139
2924,67-144
2925,67-145
2926,67-147
2927,67-149
2928,67-154
2929,67-155
2930,67-164
2931,67-168
2932,67-171
2933,67-173
2934,67-177
2935,68-69
2936,68-72
2937,68-77
2938,68-79
2939,68-80
2940,68-82
2941,68-83
2942,68-89
2943,68-92
2944,68-93
2945,68-95
2946,68-104
2947,68-110
2948,68-118
2949,68-119
2950,68-121
2951,68-122
2952,68-125
2953,68-126
2954,68-135
2955,68-143
2956,68-146
2957,68-150
2958,68-151
2959,68-152
2960,68-157
2961,68-159
2962,68-160
2963,68-164
2964,68-165
2965,68-168
2966,68-171
2967,68-177
2968,68-179
2969,69-70
2970,69-73
2971,69-74
2972,69-75
2973,69-90
2974,69-91
2975,69-93
2976,69-98
2977,69-103
2978,69-107
2979,69-110
2980,69-111
2981,69-116
2982,69-122
2983,69-125
2984,69-126
2985,69-128
2986,69-142
2987,69-145
2988,69-146
2989,69-149
2990,69-150
2991,69-151
2992,69-154
2993,69-155
2994,69-159
2995,69-160
2996,69-161
2997,69-163
2998,69-164
2999,69-171
3000,69-173
3001,69-177
3002,69-178
3003,70-71
3004,70-73
3005,70-75
3006,70-76
3007,70-77
3008,70-83
3009,70-84
3010,70-86
3011,70-94
3012,70-96
3013,70-97
3014,70-100
3015,70-103
3016,70-104
3017,70-106
3018,70-113
3019,70-118
3020,70-122
3021,70-130
3022,70-131
3023,70-136
3024,70-138
3025,70-140
3026,70-145
3027,70-147
3028,70-148
3029,70-151
3030,70-152
3031,70-156
3032,70-160
3033,70-162
3034,70-169
3035,70-171
3036,70-173
3037,70-175
3038,70-176
3039,70-178
3040,71-73
3041,71-74
3042,71-75
3043,71-78
3044,71-79
3045,71-86
3046,71-88
3047,71-93
3048,71-98
3049,71-102
3050,71-110
3051,71-114
3052,71-117
3053,71-120
3054,71-124
3055,71-125
3056,71-130
3057,71-132
3058,71-135
3059,71-136
3060,71-137
3061,71-139
3062,71-147
3063,71-149
3064,71-152
3065,71-158
3066,71-163
3067,71-164
3068,71-169
3069,71-171
3070,71-175
3071,71-177
3072,71-178
3073,71-179
3074,72-74
3075,72-78
3076,72-81
3077,72-83
3078,72-86
3079,72-89
3080,72-90
3081,72-92
3082,72-97
3083,72-98
3084,72-100
3085,72-103
3086,72-108
3087,72-110
3088,72-111
3089,72-112
3090,72-115
3091,72-118
3092,72-119
3093,72-126
3094,72-134
3095,72-135
3096,72-142
3097,72-143
3098,72-148
3099,72-150
3100,72-156
3101,72-165
3102,72-170
3103,72-172
3104,72-176
3105,72-177
3106,73-75
3107,73-76
3108,73-77
3109,73-78
3110,73-84
3111,73-85
3112,73-87
3113,73-91
3114,73-93
3115,73-95
3116,73-99
3117,73-100
3118,73-107
3119,73-108
3120,73-114
3121,73-116
3122,73-119
3123,73-121
3124,73-127
3125,73-130
3126,73-131
3127,73-137
3128,73-139
3129,73-141
3130,73-143
3131,73-144
3132,73-145
3133,73-148
3134,73-149
3135,73-156
3136,73-163
3137,73-165
3138,73-167
3139,73-172
3140,74-80
3141,74-83
3142,74-89
3143,74-90
3144,74-101
3145,74-102
3146,74-105
3147,74-116
3148,74-120
3149,74-123
3150,74-124
3151,74-125
3152,74-126
3153,74-128
3154,74-136
3155,74-138
3156,74-146
3157,74-147
3158,74-148
3159,74-151
3160,74-153
3161,74-155
3162,74-159
3163,74-161
3164,74-162
3165,74-163
3166,74-164
3167,74-165
3168,74-167
3169,74-168
3170,74-169
3171,75-78
3172,75-79
3173,75-82
3174,75-84
3175,75-85
3176,75-88
3177,75-92
3178,75-98
3179,75-101
3180,75-103
3181,75-105
3182,75-117
3183,75-121
3184,75-124
3185,75-130
3186,75-135
3187,75-139
3188,75-144
3189,75-148
3190,75-149
3191,75-150
3192,75-154
3193,75-172
3194,76-77
3195,76-78
3196,76-80
3197,76-82
3198,76-83
3199,76-84
3200,76-90
3201,76-94
3202,76-95
3203,76-101
3204,76-107
3205,76-109
3206,76-110
3207,76-113
3208,76-118
3209,76-121
3210,76-122
3211,76-123
3212,76-127
3213,76-129
3214,76-133
3215,76-136
3216,76-142
3217,76-144
3218,76-145
3219,76-155
3220,76-157
3221,76-159
3222,76-161
3223,76-166
3224,76-167
3225,76-168
3226,76-176
3227,76-178
3228,77-85
3229,77-87
3230,77-88
3231,77-89
3232,77-92
3233,77-94
3234,77-96
3235,77-101
3236,77-104
3237,77-105
3238,77-112
3239,77-113
3240,77-114
3241,77-119
3242,77-121
3243,77-122
3244,77-124
3245,77-126
3246,77-129
3247,77-134
3248,77-136
3249,77-144
3250,77-145
3251,77-149
3252,77-150
3253,77-170
3254,77-173
3255,77-174
3256,77-175
3257,77-176
3258,78-82
3259,78-83
3260,78-86
3261,78-97
3262,78-98
3263,78-105
3264,78-111
3265,78-112
3266,78-118
3267,78-121
3268,78-123
3269,78-124
3270,78-127
3271,78-129
3272,78-135
3273,78-137
3274,78-138
3275,78-139
3276,78-141
3277,78-144
3278,78-146
3279,78-149
3280,78-151
3281,78-154
3282,78-155
3283,78-161
3284,78-165
3285,78-168
3286,79-80
3287,79-81
3288,79-84
3289,79-101
3290,79-104
3291,79-111
3292,79-113
3293,79-114
3294,79-119
3295,79-127
3296,79-130
3297,79-131
3298,79-132
3299,79-135
3300,79-136
3301,79-138
3302,79-142
3303,79-153
3304,79-157
3305,79-161
3306,79-163
3307,79-164
3308,79-166
3309,79-167
3310,79-168
3311,79-169
3312,79-170
3313,79-173
3314,79-174
3315,79-176
3316,79-177
3317,80-82
3318,80-84
3319,80-85
3320,80-91
3321,80-92
3322,80-101
3323,80-107
3324,80-108
3325,80-111
3326,80-115
3327,80-116
3328,80-117
3329,80-118
3330,80-121
3331,80-127
3332,80-132
3333,80-133
3334,80-138
3335,80-141
3336,80-144
3337,80-153
3338,80-156
3339,80-158
3340,80-169
3341,80-174
3342,80-175
3343,80-176
3344,81-82
3345,81-86
3346,81-87
3347,81-89
3348,81-90
3349,81-93
3350,81-94
3351,81-97
3352,81-103
3353,81-105
3354,81-108
3355,81-111
3356,81-115
3357,81-118
3358,81-119
3359,81-124
3360,81-127
3361,81-130
3362,81-136
3363,81-138
3364,81-139
3365,81-140
3366,81-143
3367,81-145
3368,81-148
3369,81-149
3370,81-150
3371,81-152
3372,81-154
3373,81-156
3374,81-159
3375,81-161
3376,81-168
3377,81-170
3378,81-173
3379,81-178
3380,82-84
3381,82-87
3382,82-89
3383,82-95
3384,82-96
3385,82-97
3386,82-103
3387,82-106
3388,82-110
3389,82-111
3390,82-112
3391,82-114
3392,82-117
3393,82-118
3394,82-122
3395,82-130
3396,82-131
3397,82-133
3398,82-135
3399,82-136
3400,82-141
3401,82-142
3402,82-143
3403,82-144
3404,82-145
3405,82-151
3406,82-155
3407,82-156
3408,82-163
3409,82-164
3410,82-167
3411,82-171
3412,82-175
3413,83-90
3414,83-92
3415,83-95
3416,83-101
3417,83-103
3418,83-105
3419,83-106
3420,83-110
3421,83-111
3422,83-119
3423,83-128
3424,83-131
3425,83-136
3426,83-137
3427,83-141
3428,83-146
3429,83-164
3430,83-166
3431,83-170
3432,84-85
3433,84-86
3434,84-89
3435,84-91
3436,84-97
3437,84-99
3438,84-101
3439,84-111
3440,84-115
3441,84-116
3442,84-127
3443,84-130
3444,84-133
3445,84-134
3446,84-135
3447,84-138
3448,84-140
3449,84-141
3450,84-142
3451,84-144
3452,84-146
3453,84-154
3454,84-155
3455,84-156
3456,84-157
3457,84-159
3458,84-168
3459,84-169
3460,84-171
3461,84-172
3462,84-173
3463,84-175
3464,84-179
3465,85-86
3466,85-88
3467,85-95
3468,85-99
3469,85-100
3470,85-101
3471,85-102
3472,85-104
3473,85-105
3474,85-106
3475,85-109
3476,85-117
3477,85-123
3478,85-124
3479,85-126
3480,85-135
3481,85-138
3482,85-139
3483,85-140
3484,85-146
3485,85-148
3486,85-150
3487,85-151
3488,85-155
3489,85-157
3490,85-172
3491,85-178
3492,86-88
3493,86-95
3494,86-105
3495,86-107
3496,86-108
3497,86-109
3498,86-122
3499,86-123
3500,86-124
3501,86-125
3502,86-126
3503,86-129
3504,86-133
3505,86-135
3506,86-137
3507,86-146
3508,86-153
3509,86-154
3510,86-159
3511,86-163
3512,86-165
3513,86-168
3514,86-169
3515,86-173
3516,86-175
3517,86-177
3518,86-178
3519,87-95
3520,87-99
3521,87-109
3522,87-110
3523,87-113
3524,87-115
3525,87-118
3526,87-132
3527,87-133
3528,87-134
3529,87-136
3530,87-138
3531,87-139
3532,87-140
3533,87-152
3534,87-153
3535,87-154
3536,87-159
3537,87-162
3538,87-164
3539,87-168
3540,87-178
3541,87-179
3542,88-89
3543,88-91
3544,88-92
3545,88-96
3546,88-99
3547,88-101
3548,88-103
3549,88-107
3550,88-109
3551,88-115
3552,88-117
3553,88-120
3554,88-126
3555,88-128
3556,88-130
3557,88-135
3558,88-136
3559,88-140
3560,88-143
3561,88-144
3562,88-147
3563,88-152
3564,88-156
3565,88-157
3566,88-158
3567,88-159
3568,88-162
3569,88-163
3570,88-164
3571,88-167
3572,88-174
3573,89-92
3574,89-94
3575,89-95
3576,89-97
3577,89-99
3578,89-100
3579,89-101
3580,89-103
3581,89-111
3582,89-112
3583,89-113
3584,89-114
3585,89-115
3586,89-120
3587,89-123
3588,89-134
3589,89-139
3590,89-146
3591,89-151
3592,89-153
3593,89-154
3594,89-167
3595,89-170
3596,89-179
3597,90-92
3598,90-97
3599,90-99
3600,90-101
3601,90-103
3602,90-106
3603,90-107
3604,90-109
3605,90-113
3606,90-116
3607,90-118
3608,90-122
3609,90-132
3610,90-133
3611,90-135
3612,90-140
3613,90-141
3614,90-144
3615,90-148
3616,90-155
3617,90-159
3618,90-160
3619,90-164
3620,90-167
3621,90-168
3622,90-169
3623,90-170
3624,90-172
3625,91-93
3626,91-96
3627,91-100
3628,91-102
3629,91-103
3630,91-106
3631,91-107
3632,91-112
3633,91-114
3634,91-115
3635,91-116
3636,91-119
3637,91-120
3638,91-122
3639,91-127
3640,91-130
3641,91-134
3642,91-142
3643,91-145
3644,91-150
3645,91-152
3646,91-156
3647,91-158
3648,91-159
3649,91-165
3650,91-168
3651,91-171
3652,91-173
3653,91-176
3654,91-179
3655,92-101
3656,92-102
3657,92-108
3658,92-109
3659,92-113
3660,92-119
3661,92-125
3662,92-132
3663,92-135
3664,92-138
3665,92-145
3666,92-146
3667,92-149
3668,92-152
3669,92-153
3670,92-154
3671,92-156
3672,92-157
3673,92-158
3674,92-159
3675,92-160
3676,92-162
3677,92-163
3678,92-164
3679,92-167
3680,92-168
3681,92-174
3682,92-179
3683,93-96
3684,93-98
3685,93-99
3686,93-107
3687,93-108
3688,93-109
3689,93-110
3690,93-111
3691,93-114
3692,93-119
3693,93-121
3694,93-123
3695,93-126
3696,93-130
3697,93-133
3698,93-137
3699,93-141
3700,93-143
3701,93-144
3702,93-145
3703,93-149
3704,93-151
3705,93-152
3706,93-154
3707,93-156
3708,93-160
3709,93-162
3710,93-164
3711,93-168
3712,93-174
3713,93-175
3714,94-101
3715,94-105
3716,94-107
3717,94-108
3718,94-110
3719,94-111
3720,94-113
3721,94-116
3722,94-118
3723,94-120
3724,94-123
3725,94-126
3726,94-127
3727,94-128
3728,94-141
3729,94-146
3730,94-148
3731,94-149
3732,94-150
3733,94-153
3734,94-154
3735,94-156
3736,94-157
3737,94-166
3738,94-167
3739,94-168
3740,94-174
3741,94-179
3742,95-96
3743,95-98
3744,95-99
3745,95-100
3746,95-101
3747,95-107
3748,95-112
3749,95-115
3750,95-124
3751,95-125
3752,95-128
3753,95-134
3754,95-140
3755,95-149
3756,95-155
3757,95-157
3758,95-159
3759,95-162
3760,95-170
3761,95-171
3762,95-172
3763,95-173
3764,95-175
3765,95-176
3766,96-97
3767,96-100
3768,96-101
3769,96-102
3770,96-103
3771,96-108
3772,96-114
3773,96-115
3774,96-117
3775,96-120
3776,96-122
3777,96-125
3778,96-128
3779,96-131
3780,96-132
3781,96-139
3782,96-143
3783,96-144
3784,96-147
3785,96-152
3786,96-153
3787,96-154
3788,96-155
3789,96-169
3790,96-170
3791,96-171
3792,96-177
3793,97-99
3794,97-101
3795,97-105
3796,97-108
3797,97-111
3798,97-115
3799,97-120
3800,97-123
3801,97-128
3802,97-130
3803,97-134
3804,97-137
3805,97-142
3806,97-145
3807,97-150
3808,97-152
3809,97-157
3810,97-166
3811,97-167
3812,97-168
3813,97-171
3814,97-177
3815,98-105
3816,98-112
3817,98-116
3818,98-121
3819,98-123
3820,98-126
3821,98-127
3822,98-129
3823,98-137
3824,98-139
3825,98-140
3826,98-141
3827,98-151
3828,98-152
3829,98-154
3830,98-155
3831,98-159
3832,98-162
3833,98-164
3834,98-165
3835,98-167
3836,98-169
3837,98-170
3838,98-176
3839,98-178
3840,99-103
3841,99-105
3842,99-108
3843,99-110
3844,99-113
3845,99-119
3846,99-126
3847,99-140
3848,99-147
3849,99-152
3850,99-153
3851,99-160
3852,99-163
3853,99-168
3854,99-173
3855,99-175
3856,99-178
3857,99-179
3858,100-110
3859,100-113
3860,100-115
3861,100-116
3862,100-122
3863,100-124
3864,100-132
3865,100-133
3866,100-134
3867,100-140
3868,100-150
3869,100-151
3870,100-152
3871,100-156
3872,100-157
3873,100-160
3874,100-163
3875,100-168
3876,100-170
3877,100-172
3878,100-176
3879,100-179
3880,101-102
3881,101-112
3882,101-116
3883,101-120
3884,101-121
3885,101-123
3886,101-124
3887,101-129
3888,101-134
3889,101-135
3890,101-142
3891,101-143
3892,101-144
3893,101-148
3894,101-151
3895,101-156
3896,101-160
3897,101-168
3898,101-169
3899,101-170
3900,101-176
3901,101-177
3902,101-179
3903,102-103
3904,102-107
3905,102-109
3906,102-113
3907,102-114
3908,102-116
3909,102-124
3910,102-125
3911,102-135
3912,102-136
3913,102-138
3914,102-140
3915,102-141
3916,102-143
3917,102-147
3918,102-148
3919,102-152
3920,102-157
3921,102-161
3922,102-172
3923,102-176
3924,102-178
3925,103-109
3926,103-110
3927,103-111
3928,103-115
3929,103-117
3930,103-127
3931,103-129
3932,103-131
3933,103-132
3934,103-135
3935,103-137
3936,103-138
3937,103-140
3938,103-141
3939,103-146
3940,103-149
3941,103-157
3942,103-161
3943,103-163
3944,103-164
3945,103-167
3946,103-175
3947,103-176
3948,103-178
3949,104-111
3950,104-117
3951,104-119
3952,104-120
3953,104-122
3954,104-125
3955,104-128
3956,104-130
3957,104-132
3958,104-133
3959,104-134
3960,104-135
3961,104-136
3962,104-137
3963,104-138
3964,104-139
3965,104-140
3966,104-142
3967,104-147
3968,104-149
3969,104-157
3970,104-160
3971,104-161
3972,104-163
3973,104-164
3974,104-166
3975,104-175
3976,104-176
3977,104-178
3978,105-111
3979,105-114
3980,105-116
3981,105-117
3982,105-119
3983,105-125
3984,105-126
3985,105-128
3986,105-131
3987,105-140
3988,105-142
3989,105-145
3990,105-146
3991,105-147
3992,105-157
3993,105-159
3994,105-165
3995,105-166
3996,105-170
3997,105-176
3998,105-177
3999,106-110
4000,106-111
4001,106-118
4002,106-120
4003,106-121
4004,106-123
4005,106-127
4006,106-130
4007,106-131
4008,106-136
4009,106-137
4010,106-141
4011,106-147
4012,106-152
4013,106-155
4014,106-156
4015,106-160
4016,106-161
4017,107-112
4018,107-121
4019,107-124
4020,107-127
4021,107-130
4022,107-133
4023,107-134
4024,107-136
4025,107-137
4026,107-141
4027,107-142
4028,107-143
4029,107-144
4030,107-150
4031,107-152
4032,107-157
4033,107-171
4034,107-177
4035,107-179
4036,108-110
4037,108-111
4038,108-114
4039,108-116
4040,108-121
4041,108-123
4042,108-124
4043,108-127
4044,108-130
4045,108-131
4046,108-132
4047,108-133
4048,108-139
4049,108-146
4050,108-147
4051,108-150
4052,108-151
4053,108-152
4054,108-153
4055,108-154
4056,108-158
4057,108-160
4058,108-162
4059,108-169
4060,108-172
4061,108-173
4062,108-174
4063,108-179
4064,109-117
4065,109-121
4066,109-122
4067,109-123
4068,109-125
4069,109-128
4070,109-129
4071,109-131
4072,109-133
4073,109-134
4074,109-136
4075,109-145
4076,109-146
4077,109-148
4078,109-151
4079,109-153
4080,109-159
4081,109-161
4082,109-171
4083,109-177
4084,109-178
4085,110-111
4086,110-112
4087,110-115
4088,110-120
4089,110-123
4090,110-126
4091,110-127
4092,110-128
4093,110-131
4094,110-133
4095,110-135
4096,110-136
4097,110-137
4098,110-138
4099,110-144
4100,110-148
4101,110-149
4102,110-150
4103,110-161
4104,110-163
4105,110-165
4106,110-168
4107,110-170
4108,110-176
4109,110-179
4110,111-112
4111,111-115
4112,111-116
4113,111-118
4114,111-123
4115,111-127
4116,111-132
4117,111-133
4118,111-134
4119,111-135
4120,111-138
4121,111-139
4122,111-146
4123,111-149
4124,111-150
4125,111-155
4126,111-157
4127,111-158
4128,111-162
4129,111-170
4130,111-172
4131,111-173
4132,112-116
4133,112-118
4134,112-121
4135,112-123
4136,112-127
4137,112-128
4138,112-129
4139,112-133
4140,112-136
4141,112-137
4142,112-138
4143,112-139
4144,112-143
4145,112-151
4146,112-162
4147,112-163
4148,112-166
4149,112-168
4150,112-170
4151,112-171
4152,112-175
4153,113-117
4154,113-121
4155,113-124
4156,113-125
4157,113-128
4158,113-130
4159,113-132
4160,113-133
4161,113-135
4162,113-142
4163,113-148
4164,113-154
4165,113-164
4166,113-170
4167,114-119
4168,114-120
4169,114-123
4170,114-125
4171,114-126
4172,114-127
4173,114-131
4174,114-141
4175,114-142
4176,114-144
4177,114-147
4178,114-157
4179,114-160
4180,114-163
4181,114-164
4182,114-168
4183,114-169
4184,114-172
4185,114-173
4186,115-122
4187,115-124
4188,115-125
4189,115-133
4190,115-134
4191,115-144
4192,115-146
4193,115-149
4194,115-152
4195,115-159
4196,115-161
4197,115-163
4198,115-167
4199,115-171
4200,115-177
4201,115-178
4202,115-179
4203,116-117
4204,116-119
4205,116-124
4206,116-125
4207,116-126
4208,116-138
4209,116-147
4210,116-149
4211,116-154
4212,116-156
4213,116-172
4214,116-177
4215,117-120
4216,117-121
4217,117-123
4218,117-126
4219,117-129
4220,117-131
4221,117-142
4222,117-144
4223,117-145
4224,117-147
4225,117-148
4226,117-151
4227,117-152
4228,117-154
4229,117-155
4230,117-156
4231,117-158
4232,117-160
4233,117-161
4234,117-162
4235,117-166
4236,117-169
4237,117-170
4238,117-173
4239,117-175
4240,117-177
4241,117-178
4242,118-119
4243,118-123
4244,118-129
4245,118-132
4246,118-133
4247,118-147
4248,118-152
4249,118-158
4250,118-169
4251,118-171
4252,118-176
4253,118-178
4254,119-121
4255,119-123
4256,119-128
4257,119-131
4258,119-132
4259,119-135
4260,119-136
4261,119-137
4262,119-138
4263,119-139
4264,119-140
4265,119-141
4266,119-145
4267,119-146
4268,119-151
4269,119-153
4270,119-156
4271,119-157
4272,119-158
4273,119-163
4274,119-175
4275,120-124
4276,120-125
4277,120-134
4278,120-138
4279,120-141
4280,120-142
4281,120-143
4282,120-146
4283,120-149
4284,120-152
4285,120-154
4286,120-155
4287,120-156
4288,120-157
4289,120-158
4290,120-165
4291,120-168
4292,120-169
4293,120-170
4294,120-173
4295,120-174
4296,120-178
4297,121-127
4298,121-129
4299,121-135
4300,121-136
4301,121-137
4302,121-150
4303,121-151
4304,121-155
4305,121-160
4306,121-161
4307,121-162
4308,121-164
4309,121-165
4310,121-168
4311,121-171
4312,121-172
4313,121-175
4314,121-177
4315,121-179
4316,122-126
4317,122-128
4318,122-129
4319,122-132
4320,122-135
4321,122-137
4322,122-138
4323,122-141
4324,122-142
4325,122-143
4326,122-146
4327,122-147
4328,122-148
4329,122-149
4330,122-151
4331,122-155
4332,122-156
4333,122-160
4334,122-162
4335,122-164
4336,122-165
4337,122-166
4338,122-168
4339,122-169
4340,122-170
4341,122-173
4342,122-179
4343,123-128
4344,123-131
4345,123-132
4346,123-135
4347,123-136
4348,123-137
4349,123-139
4350,123-148
4351,123-151
4352,123-158
4353,123-159
4354,123-162
4355,123-165
4356,123-169
4357,123-171
4358,123-172
4359,123-176
4360,124-127
4361,124-129
4362,124-132
4363,124-135
4364,124-138
4365,124-139
4366,124-148
4367,124-149
4368,124-150
4369,124-152
4370,124-154
4371,124-156
4372,124-158
4373,124-159
4374,124-160
4375,124-163
4376,124-164
4377,124-165
4378,124-173
4379,124-175
4380,125-131
4381,125-133
4382,125-134
4383,125-135
4384,125-141
4385,125-142
4386,125-145
4387,125-150
4388,125-151
4389,125-153
4390,125-154
4391,125-156
4392,125-159
4393,125-161
4394,125-165
4395,125-170
4396,125-172
4397,125-176
4398,126-132
4399,126-144
4400,126-145
4401,126-146
4402,126-153
4403,126-156
4404,126-157
4405,126-163
4406,126-165
4407,126-166
4408,126-172
4409,126-173
4410,126-176
4411,126-177
4412,127-130
4413,127-132
4414,127-138
4415,127-144
4416,127-150
4417,127-151
4418,127-152
4419,127-160
4420,127-168
4421,127-170
4422,127-171
4423,127-172
4424,127-174
4425,127-178
4426,127-179
4427,128-130
4428,128-135
4429,128-136
4430,128-137
4431,128-141
4432,128-142
4433,128-143
4434,128-146
4435,128-156
4436,128-162
4437,128-163
4438,128-165
4439,128-168
4440,128-173
4441,128-174
4442,128-177
4443,128-179
4444,129-132
4445,129-136
4446,129-137
4447,129-141
4448,129-153
4449,129-154
4450,129-155
4451,129-157
4452,129-160
4453,129-161
4454,129-163
4455,129-164
4456,129-173
4457,129-174
4458,129-175
4459,130-136
4460,130-137
4461,130-138
4462,130-140
4463,130-141
4464,130-143
4465,130-146
4466,130-151
4467,130-154
4468,130-155
4469,130-158
4470,130-161
4471,130-163
4472,130-168
4473,130-172
4474,130-173
4475,130-174
4476,130-175
4477,130-178
4478,130-179
4479,131-142
4480,131-146
4481,131-149
4482,131-151
4483,131-152
4484,131-160
4485,131-162
4486,131-165
4487,131-170
4488,131-179
4489,132-146
4490,132-150
4491,132-154
4492,132-158
4493,132-159
4494,132-164
4495,132-169
4496,132-170
4497,132-172
4498,132-177
4499,132-178
4500,132-179
4501,133-135
4502,133-136
4503,133-145
4504,133-149
4505,133-151
4506,133-157
4507,133-160
4508,133-162
4509,133-164
4510,133-165
4511,133-166
4512,133-169
4513,133-170
4514,133-173
4515,134-135
4516,134-145
4517,134-148
4518,134-149
4519,134-153
4520,134-154
4521,134-156
4522,134-163
4523,134-167
4524,134-168
4525,134-171
4526,134-173
4527,134-177
4528,135-147
4529,135-148
4530,135-152
4531,135-154
4532,135-167
4533,135-168
4534,135-170
4535,135-171
4536,135-172
4537,135-173
4538,135-174
4539,135-178
4540,135-179
4541,136-139
4542,136-140
4543,136-143
4544,136-145
4545,136-155
4546,136-159
4547,136-160
4548,136-161
4549,136-163
4550,136-164
4551,136-165
4552,136-170
4553,136-174
4554,136-175
4555,136-176
4556,136-179
4557,137-141
4558,137-147
4559,137-148
4560,137-151
4561,137-153
4562,137-156
4563,137-159
4564,137-162
4565,137-164
4566,137-177
4567,138-142
4568,138-154
4569,138-155
4570,138-157
4571,138-164
4572,138-167
4573,138-168
4574,138-171
4575,138-176
4576,139-143
4577,139-144
4578,139-146
4579,139-148
4580,139-152
4581,139-153
4582,139-154
4583,139-155
4584,139-158
4585,139-162
4586,139-163
4587,139-167
4588,139-175
4589,139-178
4590,139-179
4591,140-145
4592,140-146
4593,140-147
4594,140-149
4595,140-151
4596,140-157
4597,140-168
4598,140-172
4599,140-175
4600,141-144
4601,141-146
4602,141-147
4603,141-151
4604,141-155
4605,141-159
4606,141-161
4607,141-167
4608,141-172
4609,141-179
4610,142-143
4611,142-145
4612,142-152
4613,142-153
4614,142-154
4615,142-156
4616,142-158
4617,142-164
4618,142-165
4619,142-166
4620,142-170
4621,142-171
4622,142-172
4623,142-175
4624,142-176
4625,142-179
4626,143-147
4627,143-149
4628,143-151
4629,143-152
4630,143-153
4631,143-156
4632,143-158
4633,143-159
4634,143-164
4635,143-165
4636,143-166
4637,143-168
4638,143-170
4639,143-172
4640,143-174
4641,143-177
4642,143-178
4643,144-146
4644,144-148
4645,144-153
4646,144-157
4647,144-158
4648,144-159
4649,144-162
4650,144-164
4651,144-178
4652,144-179
4653,145-148
4654,145-152
4655,145-158
4656,145-159
4657,145-164
4658,145-167
4659,145-172
4660,145-176
4661,145-177
4662,146-148
4663,146-153
4664,146-154
4665,146-156
4666,146-158
4667,146-161
4668,146-163
4669,146-166
4670,146-176
4671,146-177
4672,146-179
4673,147-150
4674,147-154
4675,147-156
4676,147-173
4677,147-174
4678,147-177
4679,147-179
4680,148-151
4681,148-153
4682,148-155
4683,148-156
4684,148-165
4685,148-166
4686,148-170
4687,148-173
4688,148-174
4689,148-177
4690,148-179
4691,149-150
4692,149-151
4693,149-152
4694,149-154
4695,149-155
4696,149-156
4697,149-157
4698,149-159
4699,149-162
4700,149-171
4701,149-176
4702,150-152
4703,150-153
4704,150-157
4705,150-162
4706,150-163
4707,150-167
4708,150-168
4709,150-169
4710,150-172
4711,150-175
4712,151-152
4713,151-154
4714,151-159
4715,151-161
4716,151-168
4717,151-169
4718,151-172
4719,151-175
4720,151-178
4721,152-153
4722,152-155
4723,152-156
4724,152-157
4725,152-171
4726,152-177
4727,153-156
4728,153-162
4729,153-163
4730,153-165
4731,153-168
4732,153-170
4733,153-171
4734,153-176
4735,154-156
4736,154-162
4737,154-166
4738,154-167
4739,154-175
4740,154-179
4741,155-157
4742,155-160
4743,155-162
4744,155-163
4745,155-165
4746,155-168
4747,155-169
4748,155-172
4749,155-175
4750,155-176
4751,156-165
4752,156-168
4753,156-171
4754,156-172
4755,156-174
4756,156-179
4757,157-161
4758,157-163
4759,157-165
4760,157-173
4761,157-177
4762,158-159
4763,158-163
4764,158-164
4765,158-169
4766,158-170
4767,158-173
4768,158-176
4769,158-179
4770,159-161
4771,159-163
4772,159-165
4773,159-172
4774,159-173
4775,159-178
4776,160-164
4777,160-166
4778,160-167
4779,160-169
4780,160-170
4781,160-171
4782,160-173
4783,160-174
4784,160-175
4785,160-176
4786,160-178
4787,161-162
4788,161-172
4789,161-173
4790,161-175
4791,162-168
4792,162-171
4793,162-173
4794,162-178
4795,162-179
4796,163-171
4797,163-172
4798,164-168
4799,164-175
4800,165-166
4801,165-171
4802,165-178
4803,166-171
4804,166-175
4805,166-178
4806,167-172
4807,167-173
4808,167-175
4809,167-176
4810,167-179
4811,168-169
4812,168-171
4813,168-176
4814,168-177
4815,169-171
4816,169-174
4817,169-176
4818,169-179
4819,170-172
4820,170-173
4821,170-176
4822,171-176
4823,172-176
4824,173-176
4825,173-177
4826,173-178
4827,173-179
4828,174-175
4829,176-179
